id,name
12,K9 독 강아지주식캔 소고기 피스트 170g
45,로얄캐닌 키튼 어린고양이용 주식사료 파우치 85g
3,스텔라앤츄이스 독 츄이스 치킨 디너패티 397g
29,K9 독 강아지주식캔 치킨 피스트 370g
23,K9 동결건조사료 양고기 500g
37,포우라이즈 인테리어 브릿지 스크래쳐 라지 더블 (2P)
46,로얄캐닌 캣 스테럴라이즈드 2kg
34,펫레터 고양이 숨숨집 스크래쳐 고양이 SC-250
35,도트캣 내추럴 스크래처 오동나무박스 써클 원형 스크래처
36,펫킷 프레쉬 향균 저울식기 폴카도트
39,쥬쥬베 펫텀블러 접이식 휴대용 물병 350ml 산책물병
40,퍼셀 철장 걸이식 물병 DY-31 (약 400ml) 색상랜덤발송
41,수퍼펫 하이그로시 급수기 Midium 인디핑크 DB-18-M
4,캣 로우코티드 키블 와일드코트 살몬 5lb (2.2kg)
13,ANF 독 6 Free 플러스 소고기&연어 5.6kg
42,슈퍼펫 무독성 슬로우피더 급체방지식기 원형 화이트
14,고양이 화장실
16,깜찍한목줄
19,캐츠랑 전연령 리브레 5kg
25,캐츠랑 어덜트 2kg
27,세이프독 강아지 입마개(4호) 물림방지 강아지입질
33,스터디셀러 1인용 2인용 컴퓨터책상 원목책상 1200
43,까사미코 코코볼 유리볼 도자기 1구식기
47,로얄캐닌 고양이 마더 앤 베이비 울트라 소프트 무스 트레이 주식캔 100g
48,로얄캐닌 독 미니 인도어 어덜트 7.5kg
49,로얄캐닌 스타터 8.5kg 이유식사료
50,로얄캐닌 맥시 어덜트 10kg
38,토이거 반자동 급식 급수기
44,클레이몽드 5시리즈 완전방수 중대형 2구식기(304스테인레스볼) 30cm
51,(1+1행사) 오담 모이다 강아지화식 관절건강 연어&포크 80g
52,오담 리얼 오메가 트릿 180g 2개 SET
53,오담 모이다 대용량가득 수제간식 돼지귀슬라이스 뻥튀기 200g
54,키친블랑 동결건조 미니트릿 북어 40g
55,애니홀릭 엘라이신 스틱 치킨&리버 5g X 10개
56,자연느낌 순닭가슴살 200g 원물그대로 천연수제간식
57,원더푸드 생고기 육포 소고기 1kg
58,락토소프트 영양져키 참치와연어 25g
59,생육으로 만든 파워바이트 소고기 200g
60,원더푸드 짜먹는 고양이간식 츄르 닭가슴살 30P+연어30P 720g
61,VIF 비프 고양이 습식파우츠 그레이비 7종 콤보
62,네이쳐스 버라이어티 캣 생식본능 얼티밋 프로틴 치킨 1.8kg
63,네이쳐스 버라이어티 캣 생식본능 토끼캔 85g X 12개 (미국산)
64,카니러브 캣 그레인프리 오리와꿩 2kg
65,카니러브 캣 트루프레시 치킨 1.8kg
66,프론티어 비프 트라이프 스트립(소의 위장) 140g
67,HAX 헥스 터키츄 칠면조와 소고기 힘줄 간식 링 S
69,비타크래프트 조에시 하트캔 밀크소스 치킨&야채 85g
68,몬스터 굿라이프 영양죽 삼계연어죽 120g
70,띵독 띵크유어독티스 띵크껌 딩고우유껌 대구껍질말이껌 15P
71,헤세드요셉 멍대리의 은밀한 간식생활 치킨우유껌 300g
72,"로즈힙 바이탈 케이나인 1.5kg (3in1 관절, 항산화, 피부영양제)"
73,제로랩스 큐어올 CBD오일 3% 종합영양제 32큐브
74,포켄스 뉴트리션트릿 관절&뼈 (800g) 100P+20P 덤
