id,username
5,admin
20,sinhyeonseo1026
24,test2211
21,test119
23,test120
18,test123
19,test321
17,testaccount1
26,testaccount2
25,testseller
37,tmpaccount
38,testaccount5
39,npm321
40,testaccount6
41,min
42,park1234
16,parksungjoon
54,testaccount11
55,testaccount12
50,asdf
45,test1213
51,gowoon
56,testaccount15
15,test
46,jina
52,testaccount8
57,testaccount20
43,testaccount7
44,test123123
35,testaccount3
53,testaccount10
58,testaccount30
60,asdlkjfnasdk
59,zxcv
61,asdfadf
36,testaccount4
62,TestUser
63,TestUser2
64,TestUser3
49,realadmin
65,TestUser4
66,TestUser5
68,TestUser8
69,TestUser9
85,test51
70,testseller2
82,exampleUsername
90,nyeonseo
92,minmin
95,test53
96,test54
97,test55
98,test56
99,test57
100,hyeonseo
101,test58
102,test59
103,park1
105,test60
106,test20
107,test61
108,test62
109,test63
110,test64
